[{
  "page": "launcher",
  "details": [{
    "label": "Dashboard",
    "url": "/main/launcher"
  }]
}, {
  "page": "setuptable",
  "details": [{
    "label": "Setup Tables",
    "url": "/main/launcher"
  }]
}, {
  "page": "config",
  "details": [{
    "label": "Configs",
    "url": "/main/launcher"
  }]
},{
  "page": "studio",
  "details": [{
    "label": "Studio",
    "url": "/main/config/setuptable/studio/search"
  }, {
    "label": "Studio",
    "url": "/main/config/setuptable/studio/add"
  }, {
    "label": "Studio",
    "url": "/main/config/setuptable/studio/edit"
  }]
},{
  "page": "version",
  "details": [{
    "label": "Version",
    "url": "/main/config/setuptable/version/search"
  }, {
    "label": "Version",
    "url": "/main/config/setuptable/version/add"
  }, {
    "label": "Version",
    "url": "/main/config/setuptable/version/edit"
  }]
},{
  "page": "epp",
  "details": [{
    "label": "EPP",
    "url": "/main/config/setuptable/epp/search"
  }, {
    "label": "EPP",
    "url": "/main/config/setuptable/epp/add"
  }, {
    "label": "EPP",
    "url": "/main/config/setuptable/epp/edit"
  }]
},{
  "page": "pool",
  "details": [{
    "label": "Pool",
    "url": "/main/config/setuptable/pool/search"
  }, {
    "label": "Pool",
    "url": "/main/config/setuptable/pool/add"
  }, {
    "label": "Pool",
    "url": "/main/config/setuptable/pool/edit"
  }]
},{
  "page": "region",
  "details": [{
    "label": "Region",
    "url": "/main/config/setuptable/region/search"
  }, {
    "label": "Region",
    "url": "/main/config/setuptable/region/add"
  }, {
    "label": "Region",
    "url": "/main/config/setuptable/region/edit"
  }]
},{
  "page": "prodcat1",
  "details": [{
    "label": "Prodcat1",
    "url": "/main/config/setuptable/prodcat1/search"
  }, {
    "label": "Prodcat1",
    "url": "/main/config/setuptable/prodcat1/add"
  }, {
    "label": "Prodcat1",
    "url": "/main/config/setuptable/prodcat1/edit"
  }]
},{
  "page": "prodcat2",
  "details": [{
    "label": "Prodcat2",
    "url": "/main/config/setuptable/prodcat2/search"
  }, {
    "label": "Prodcat2",
    "url": "/main/config/setuptable/prodcat2/add"
  }, {
    "label": "Prodcat2",
    "url": "/main/config/setuptable/prodcat2/edit"
  }]
},{
  "page": "prodcat3",
  "details": [{
    "label": "Prodcat3",
    "url": "/main/config/setuptable/prodcat3/search"
  }, {
    "label": "Prodcat3",
    "url": "/main/config/setuptable/prodcat3/add"
  }, {
    "label": "Prodcat3",
    "url": "/main/config/setuptable/prodcat3/edit"
  }]
}, {
  "page": "channeltype",
  "details": [{
    "label": "Channel Type",
    "url": "/main/config/setuptable/channeltype/search"
  }, {
    "label": "Channel Type",
    "url": "/main/config/setuptable/channeltype/add"
  }, {
    "label": "Channel Type",
    "url": "/main/config/setuptable/channeltype/edit"
  }]
}, {
  "page": "channel",
  "details": [{
    "label": "Channel",
    "url": "/main/config/setuptable/channel/search"
  }, {
    "label": "Channel",
    "url": "/main/config/setuptable/channel/add"
  }, {
    "label": "Channel",
    "url": "/main/config/setuptable/channel/edit"
  }]
}, {
  "page": "devefforttype",
  "details": [{
    "label": "Dev Effort Type",
    "url": "/main/config/setuptable/devefforttype/search"
  }, {
    "label": "Dev Effort Type",
    "url": "/main/config/setuptable/devefforttype/add"
  }, {
    "label": "Dev Effort Type",
    "url": "/main/config/setuptable/devefforttype/edit"
  }]
}, {
  "page": "devcomplexity",
  "details": [{
    "label": "Dev Complexity",
    "url": "/main/config/setuptable/devcomplexity/search"
  }, {
    "label": "Dev Complexity",
    "url": "/main/config/setuptable/devcomplexity/add"
  }, {
    "label": "Dev Complexity",
    "url": "/main/config/setuptable/devcomplexity/edit"
  }]
},{
  "page": "cabinets",
  "details": [{
    "label": "Cabinets",
    "url": "/main/config/setuptable/cabinets/search"
  }, {
    "label": "Cabinets",
    "url": "/main/config/setuptable/cabinets/add"
  }, {
    "label": "Cabinets",
    "url": "/main/config/setuptable/cabinets/edit"
  }]
},{
  "page": "gravity",
  "details": [{
    "label": "Gravity",
    "url": "/main/config/setuptable/gravity/search"
  }, {
    "label": "Gravity",
    "url": "/main/config/setuptable/gravity/add"
  }, {
    "label": "Gravity",
    "url": "/main/config/setuptable/gravity/edit"
  }]
},{
  "page": "devtype1",
  "details": [{
    "label": "Dev Type1",
    "url": "/main/config/setuptable/devtype1/search"
  }, {
    "label": "Dev Type1",
    "url": "/main/config/setuptable/devtype1/add"
  }, {
    "label": "Dev Type1",
    "url": "/main/config/setuptable/devtype1/edit"
  }]
},{
  "page": "devtype2",
  "details": [{
    "label": "Dev Type2/class",
    "url": "/main/config/setuptable/devtype2/search"
  }, {
    "label": "Dev Type2/class",
    "url": "/main/config/setuptable/devtype2/add"
  }, {
    "label": "Dev Type2/class",
    "url": "/main/config/setuptable/devtype2/edit"
  }]
},{
  "page": "market",
  "details": [{
    "label": "Market",
    "url": "/main/config/setuptable/market/search"
  }, {
    "label": "Market",
    "url": "/main/config/setuptable/market/add"
  }, {
    "label": "Market",
    "url": "/main/config/setuptable/market/edit"
  }]
},{
  "page": "quarter",
  "details": [{
    "label": "Quarter",
    "url": "/main/config/setuptable/quarter/search"
  }, {
    "label": "Quarter",
    "url": "/main/config/setuptable/quarter/add"
  }, {
    "label": "Quarter",
    "url": "/main/config/setuptable/quarter/edit"
  }]
},{
  "page": "status1",
  "details": [{
    "label": "Status1",
    "url": "/main/config/setuptable/status1/search"
  }, {
    "label": "Status1",
    "url": "/main/config/setuptable/status1/add"
  }, {
    "label": "Status1",
    "url": "/main/config/setuptable/status1/edit"
  }]
},{
  "page": "status2",
  "details": [{
    "label": "Status2",
    "url": "/main/config/setuptable/status2/search"
  }, {
    "label": "Status2",
    "url": "/main/config/setuptable/status2/add"
  }, {
    "label": "Status2",
    "url": "/main/config/setuptable/status2/edit"
  }]
},{
  "page": "status3",
  "details": [{
    "label": "Status3",
    "url": "/main/config/setuptable/status3/search"
  }, {
    "label": "Status3",
    "url": "/main/config/setuptable/status3/add"
  }, {
    "label": "Status3",
    "url": "/main/config/setuptable/status3/edit"
  }]
},{
  "page": "expinreq",
  "details": [{
    "label": "Manage PIN",
    "url": "/main/expinreq/pinrequest"
  }]
}, {
  "page": "pinrequest",
  "details": [{
    "label": "Extra PIN Request",
    "url": "/main/expinreq/pinrequest"
  }]
}]
