[{
  "master": [{
    "channeltype": [{
      "fieldprop": [{
          "formcontrolname": "channeltypename",
          "label": "Channel Type",
          "type": "text",
          "api": "",
          "required": "required",
          "placeholder": "Enter Channel Type",
          "action": "",
          "pipe": ""
        },
        {
          "formcontrolname": "channeltypedesc",
          "label": "Description",
          "type": "textarea",
          "api": "",
          "required": null,
          "placeholder": "Enter Description",
          "action": "",
          "pipe": ""
        },
        {
          "formcontrolname": "channeltypedesclong",
          "label": "Description Long",
          "type": "textarea",
          "api": "",
          "required": null,
          "placeholder": "Enter Description Long",
          "action": "",
          "pipe": ""
        }, {
          "formcontrolname": "listsequencename",
          "label": "List Sequence",
          "type": "text",
          "api": "",
          "required": "required",
          "placeholder": "Enter List Sequence",
          "action": "",
          "pipe": ""
        }
      ],
      "api": [{
        "api": "assets/config/grid-data.json",
        "apidata": "",
        "url": "",
        "param": [{}]
      }]
    }],
    "channel": [{
      "fieldprop": [{
          "formcontrolname": "channelname",
          "label": "Channel",
          "type": "text",
          "api": "",
          "required": "required",
          "placeholder": "Enter Channel",
          "action": "",
          "pipe": ""
        },
        {
          "formcontrolname": "channeldesc",
          "label": "Description",
          "type": "textarea",
          "api": "",
          "required": null,
          "placeholder": "Enter Description",
          "action": "",
          "pipe": ""
        },
        {
          "formcontrolname": "channeldesclong",
          "label": "Description Long",
          "type": "textarea",
          "api": "",
          "required": null,
          "placeholder": "Enter Description Long",
          "action": "",
          "pipe": ""
        }, {
          "formcontrolname": "listsequencename",
          "label": "List Sequence",
          "type": "text",
          "api": "",
          "required": "required",
          "placeholder": "Enter List Sequence",
          "action": "",
          "pipe": ""
        }
      ],
      "api": [{
        "api": "assets/config/grid-data.json",
        "apidata": "",
        "url": "",
        "param": [{}]
      }]
    }],
    "cabinets": [{
      "fieldprop": [{
          "formcontrolname": "cabinetsname",
          "label": "Cabinets",
          "type": "text",
          "api": "",
          "required": "required",
          "placeholder": "Enter Cabinets",
          "action": "",
          "pipe": ""
        },
        {
          "formcontrolname": "cabinetsdesc",
          "label": "Description",
          "type": "textarea",
          "api": "",
          "required": null,
          "placeholder": "Enter Description",
          "action": "",
          "pipe": ""
        },
        {
          "formcontrolname": "cabinetsdesclong",
          "label": "Description Long",
          "type": "textarea",
          "api": "",
          "required": null,
          "placeholder": "Enter Description Long",
          "action": "",
          "pipe": ""
        }, {
          "formcontrolname": "listsequencename",
          "label": "List Sequence",
          "type": "text",
          "api": "",
          "required": "required",
          "placeholder": "Enter List Sequence",
          "action": "",
          "pipe": ""
        }, {
          "formcontrolname": "activename",
          "label": "Active",
          "type": "text",
          "api": "",
          "required": "required",
          "placeholder": "Enter Active",
          "action": "",
          "pipe": ""
        }
      ],
      "api": [{
        "api": "assets/config/grid-data.json",
        "apidata": "",
        "url": "",
        "param": [{}]
      }]
    }],
    "devefforttype": [{
      "fieldprop": [{
          "formcontrolname": "devefforttypename",
          "label": "Dev Effort Type",
          "type": "text",
          "api": "",
          "required": "required",
          "placeholder": "Enter Dev Effort Type",
          "action": "",
          "pipe": ""
        },
        {
          "formcontrolname": "devefforttypedesc",
          "label": "Description",
          "type": "textarea",
          "api": "",
          "required": null,
          "placeholder": "Enter Description",
          "action": "",
          "pipe": ""
        },
        {
          "formcontrolname": "devefforttypedesclong",
          "label": "Description Long",
          "type": "textarea",
          "api": "",
          "required": null,
          "placeholder": "Enter Description Long",
          "action": "",
          "pipe": ""
        }
      ],
      "api": [{
        "api": "assets/config/grid-data.json",
        "apidata": "",
        "url": "",
        "param": [{}]
      }]
    }],
    "devcomplexity": [{
      "fieldprop": [{
          "formcontrolname": "devcomplexityname",
          "label": "Dev Complexity",
          "type": "text",
          "api": "",
          "required": "required",
          "placeholder": "Enter Dev Complexity",
          "action": "",
          "pipe": ""
        },
        {
          "formcontrolname": "devcomplexitydesc",
          "label": "Description",
          "type": "textarea",
          "api": "",
          "required": null,
          "placeholder": "Enter Description",
          "action": "",
          "pipe": ""
        },
        {
          "formcontrolname": "devcomplexitydesclong",
          "label": "Description Long",
          "type": "textarea",
          "api": "",
          "required": null,
          "placeholder": "Enter Description Long",
          "action": "",
          "pipe": ""
        }
      ],
      "api": [{
        "api": "assets/config/grid-data.json",
        "apidata": "",
        "url": "",
        "param": [{}]
      }]
    }],
    "gravity": [{
      "fieldprop": [{
          "formcontrolname": "gravityname",
          "label": "Gravity",
          "type": "text",
          "api": "",
          "required": "required",
          "placeholder": "Enter Gravity",
          "action": "",
          "pipe": ""
        },
        {
          "formcontrolname": "gravitydesc",
          "label": "Description",
          "type": "textarea",
          "api": "",
          "required": null,
          "placeholder": "Enter Description",
          "action": "",
          "pipe": ""
        },
        {
          "formcontrolname": "gravitydesclong",
          "label": "Description Long",
          "type": "textarea",
          "api": "",
          "required": null,
          "placeholder": "Enter Description Long",
          "action": "",
          "pipe": ""
        }
      ],
      "api": [{
        "api": "assets/config/grid-data.json",
        "apidata": "",
        "url": "",
        "param": [{}]
      }]
    }],
    "devtype1": [{
      "fieldprop": [{
          "formcontrolname": "devtype1name",
          "label": "Dev Type1",
          "type": "text",
          "api": "",
          "required": "required",
          "placeholder": "Enter Dev Type1",
          "action": "",
          "pipe": ""
        },
        {
          "formcontrolname": "devtype1desc",
          "label": "Description",
          "type": "textarea",
          "api": "",
          "required": null,
          "placeholder": "Enter Description",
          "action": "",
          "pipe": ""
        },
        {
          "formcontrolname": "devtype1desclong",
          "label": "Description Long",
          "type": "textarea",
          "api": "",
          "required": null,
          "placeholder": "Enter Description Long",
          "action": "",
          "pipe": ""
        }, {
          "formcontrolname": "listsequencename",
          "label": "List Sequence",
          "type": "text",
          "api": "",
          "required": "required",
          "placeholder": "Enter List Sequence",
          "action": "",
          "pipe": ""
        }
      ],
      "api": [{
        "api": "assets/config/grid-data.json",
        "apidata": "",
        "url": "",
        "param": [{}]
      }]
    }],
    "devtype2": [{
      "fieldprop": [{
          "formcontrolname": "devtype2name",
          "label": "Dev Type2/Class",
          "type": "text",
          "api": "",
          "required": "required",
          "placeholder": "Enter Dev Type2/Class",
          "action": "",
          "pipe": ""
        },
        {
          "formcontrolname": "devtype2desc",
          "label": "Description",
          "type": "textarea",
          "api": "",
          "required": null,
          "placeholder": "Enter Description",
          "action": "",
          "pipe": ""
        },
        {
          "formcontrolname": "devtype2desclong",
          "label": "Description Long",
          "type": "textarea",
          "api": "",
          "required": null,
          "placeholder": "Enter Description Long",
          "action": "",
          "pipe": ""
        }, {
          "formcontrolname": "devtype1",
          "label": "Dev Type 1",
          "type": "select",
          "api": "assets/config/pool.json",
          "apidata": "",
          "required": "required",
          "placeholder": "Select Dev Type1",
          "action": "",
          "pipe": "",
          "bindname": "name",
          "clearable": false,
          "virtualScroll": true,
          "multiple": false
        }
      ],
      "api": [{
        "api": "assets/config/grid-data.json",
        "apidata": "",
        "url": "",
        "param": [{}]
      }]
    }],
    "market": [{
      "fieldprop": [{
          "formcontrolname": "marketname",
          "label": "Market",
          "type": "text",
          "api": "",
          "required": "required",
          "placeholder": "Enter Market",
          "action": "",
          "pipe": ""
        },
        {
          "formcontrolname": "marketdesc",
          "label": "Description",
          "type": "textarea",
          "api": "",
          "required": null,
          "placeholder": "Enter Description",
          "action": "",
          "pipe": ""
        },
        {
          "formcontrolname": "marketdesclong",
          "label": "Description Long",
          "type": "textarea",
          "api": "",
          "required": null,
          "placeholder": "Enter Description Long",
          "action": "",
          "pipe": ""
        },
        {
          "formcontrolname": "pool",
          "label": "Pool",
          "type": "select",
          "api": "assets/config/pool.json",
          "apidata": "",
          "required": "required",
          "placeholder": "Select Pool",
          "action": "",
          "pipe": "",
          "bindname": "name",
          "clearable": false,
          "virtualScroll": true,
          "multiple": false
        },
        {
          "formcontrolname": "region",
          "label": "Region",
          "type": "select",
          "api": "assets/config/pool.json",
          "apidata": "",
          "required": "required",
          "placeholder": "Select Region",
          "action": "",
          "pipe": "",
          "bindname": "name",
          "clearable": false,
          "virtualScroll": true,
          "multiple": false
        },
        {
          "formcontrolname": "gravity",
          "label": "Gravity",
          "type": "select",
          "api": "assets/config/pool.json",
          "apidata": "",
          "required": "required",
          "placeholder": "Select Gravity",
          "action": "",
          "pipe": "",
          "bindname": "name",
          "clearable": false,
          "virtualScroll": true,
          "multiple": false
        },
        {
          "formcontrolname": "listsequencename",
          "label": "List Sequence",
          "type": "text",
          "api": "",
          "required": "required",
          "placeholder": "Enter List Sequence",
          "action": "",
          "pipe": ""
        },
        {
          "formcontrolname": "avgapprvdelayname",
          "label": "Avg Apprv Delay",
          "type": "text",
          "api": "",
          "required": "required",
          "placeholder": "Enter Avg Apprv Delay",
          "action": "",
          "pipe": ""
        },
        {
          "formcontrolname": "devtype",
          "label": "Dev Type ???",
          "type": "select",
          "api": "assets/config/pool.json",
          "apidata": "",
          "required": "required",
          "placeholder": "Select Dev Type",
          "action": "",
          "pipe": "",
          "bindname": "name",
          "clearable": false,
          "virtualScroll": true,
          "multiple": false
        },
        {
          "formcontrolname": "reptonlyname",
          "label": "Rept Only",
          "type": "text",
          "api": "",
          "required": "required",
          "placeholder": "Enter Rept Only",
          "action": "",
          "pipe": ""
        },
        {
          "formcontrolname": "adddeveffortdaysname",
          "label": "Add Dev Effort Days",
          "type": "text",
          "api": "",
          "required": "required",
          "placeholder": "Enter Add Dev Effort Days",
          "action": "",
          "pipe": ""
        }
      ],
      "api": [{
        "api": "assets/config/grid-data.json",
        "apidata": "",
        "url": "",
        "param": [{}]
      }]
    }],
    "studio": [{
      "fieldprop": [{
          "formcontrolname": "studioname",
          "label": "Studio",
          "type": "text",
          "api": "",
          "required": "required",
          "placeholder": "Enter Studio",
          "action": "",
          "pipe": ""
        },
        {
          "formcontrolname": "studiodesc",
          "label": "Description",
          "type": "textarea",
          "api": "",
          "required": null,
          "placeholder": "Enter Description",
          "action": "",
          "pipe": ""
        },
        {
          "formcontrolname": "studiodesclong",
          "label": "Description Long",
          "type": "textarea",
          "api": "",
          "required": null,
          "placeholder": "Enter Description Long",
          "action": "",
          "pipe": ""
        },
        {
          "formcontrolname": "studioheadowner",
          "label": "Studio Head/Owner",
          "type": "select",
          "api": "assets/config/pool.json",
          "apidata": "",
          "required": "required",
          "placeholder": "Select Studio Head/Owner",
          "action": "",
          "pipe": "",
          "bindname": "name",
          "clearable": false,
          "virtualScroll": true,
          "multiple": false,
          "innercontrol": [{
            "formcontrolname": "studioheadownerlblname",
            "label": "34232436",
            "type": "label",
            "api": "",
            "required": "",
            "placeholder": "",
            "action": "",
            "pipe": ""
          }]
        },
        {
          "formcontrolname": "pmolead",
          "label": "PMO Lead",
          "type": "select",
          "api": "assets/config/pool.json",
          "apidata": "",
          "required": "required",
          "placeholder": "Select PMO Lead",
          "action": "",
          "pipe": "",
          "bindname": "name",
          "clearable": false,
          "virtualScroll": true,
          "multiple": false,
          "innercontrol": [{
            "formcontrolname": "pmoleadlblname",
            "label": "45632",
            "type": "label",
            "api": "",
            "required": "",
            "placeholder": "",
            "action": "",
            "pipe": ""
          }]
        },
        {
          "formcontrolname": "chkactive",
          "label": "Active",
          "type": "checkbox",
          "api": "assets/config/pool.json",
          "apidata": "",
          "required": "required",
          "placeholder": "Select Active",
          "action": "",
          "pipe": "",
          "bindname": "name",
          "clearable": false,
          "virtualScroll": true,
          "multiple": false
        }, {
          "formcontrolname": "listsequencename",
          "label": "List Sequence",
          "type": "text",
          "api": "",
          "required": "required",
          "placeholder": "Enter List Sequence",
          "action": "",
          "pipe": ""
        }
      ],
      "api": [{
        "api": "assets/config/grid-data.json",
        "apidata": "",
        "url": "",
        "param": [{}]
      }]
    }],
    "quarter": [{
      "fieldprop": [{
          "formcontrolname": "quartername",
          "label": "Quarter",
          "type": "text",
          "api": "",
          "required": "required",
          "placeholder": "Enter Quarter",
          "action": "",
          "pipe": ""
        },
        {
          "formcontrolname": "quarterdesc",
          "label": "Description",
          "type": "textarea",
          "api": "",
          "required": null,
          "placeholder": "Enter Description",
          "action": "",
          "pipe": ""
        },
        {
          "formcontrolname": "devtype1desclong",
          "label": "Description Long",
          "type": "textarea",
          "api": "",
          "required": null,
          "placeholder": "Enter Description Long",
          "action": "",
          "pipe": ""
        },{
          "formcontrolname": "startmonth",
          "label": "Start Month",
          "type": "select",
          "api": "assets/config/month.json",
          "apidata": "",
          "required": "required",
          "placeholder": "Select Start Month",
          "action": "",
          "pipe": "",
          "bindname": "name",
          "clearable": false,
          "virtualScroll": true,
          "multiple": false
        },{
          "formcontrolname": "endmonth",
          "label": "End Month",
          "type": "select",
          "api": "assets/config/month.json",
          "apidata": "",
          "required": "required",
          "placeholder": "Select End Month",
          "action": "",
          "pipe": "",
          "bindname": "name",
          "clearable": false,
          "virtualScroll": true,
          "multiple": false
        },{
          "formcontrolname": "listsequencename",
          "label": "List Sequence",
          "type": "text",
          "api": "",
          "required": "required",
          "placeholder": "Enter List Sequence",
          "action": "",
          "pipe": ""
        }
      ],
      "api": [{
        "api": "assets/config/grid-data.json",
        "apidata": "",
        "url": "",
        "param": [{}]
      }]
    }],
    "version": [{
      "fieldprop": [{
          "formcontrolname": "versionname",
          "label": "Version",
          "type": "text",
          "api": "",
          "required": "required",
          "placeholder": "Enter Channel Type",
          "action": "",
          "pipe": ""
        },
        {
          "formcontrolname": "versiondesc",
          "label": "Description",
          "type": "textarea",
          "api": "",
          "required": null,
          "placeholder": "Enter Description",
          "action": "",
          "pipe": ""
        },
        {
          "formcontrolname": "versiondesclong",
          "label": "Description Long",
          "type": "textarea",
          "api": "",
          "required": null,
          "placeholder": "Enter Description Long",
          "action": "",
          "pipe": ""
        }, {
          "formcontrolname": "listsequencename",
          "label": "List Sequence",
          "type": "text",
          "api": "",
          "required": "required",
          "placeholder": "Enter List Sequence",
          "action": "",
          "pipe": ""
        }
      ],
      "api": [{
        "api": "assets/config/grid-data.json",
        "apidata": "",
        "url": "",
        "param": [{}]
      }]
    }],    
    "status1": [{
      "fieldprop": [{
          "formcontrolname": "status1name",
          "label": "Status1",
          "type": "text",
          "api": "",
          "required": null,
          "placeholder": "Enter Status1",
          "action": "",
          "pipe": ""
        },
        {
          "formcontrolname": "status1desc",
          "label": "Description",
          "type": "textarea",
          "api": "",
          "required": null,
          "placeholder": "Enter Description",
          "action": "",
          "pipe": ""
        },
        {
          "formcontrolname": "status1desclong",
          "label": "Description Long",
          "type": "textarea",
          "api": "",
          "required": null,
          "placeholder": "Enter Description Long",
          "action": "",
          "pipe": ""
        }, {
          "formcontrolname": "listsequencename",
          "label": "List Sequence",
          "type": "text",
          "api": "",
          "required": "required",
          "placeholder": "Enter List Sequence",
          "action": "",
          "pipe": ""
        }
      ],
      "api": [{
        "api": "assets/config/grid-data.json",
        "apidata": "",
        "url": "",
        "param": [{}]
      }]
    }],
    "status2": [{
      "fieldprop": [{
          "formcontrolname": "status2name",
          "label": "Status2",
          "type": "text",
          "api": "",
          "required": null,
          "placeholder": "Enter Status2",
          "action": "",
          "pipe": ""
        },
        {
          "formcontrolname": "status2desc",
          "label": "Description",
          "type": "textarea",
          "api": "",
          "required": null,
          "placeholder": "Enter Description",
          "action": "",
          "pipe": ""
        },
        {
          "formcontrolname": "status2desclong",
          "label": "Description Long",
          "type": "textarea",
          "api": "",
          "required": null,
          "placeholder": "Enter Description Long",
          "action": "",
          "pipe": ""
        }, {
          "formcontrolname": "status1",
          "label": "Status1",
          "type": "select",
          "api": "assets/config/pool.json",
          "apidata": "",
          "required": "required",
          "placeholder": "Select Status1",
          "action": "",
          "pipe": "",
          "bindname": "name",
          "clearable": false,
          "virtualScroll": true,
          "multiple": false
        }
      ],
      "api": [{
        "api": "assets/config/grid-data.json",
        "apidata": "",
        "url": "",
        "param": [{}]
      }]
    }],
    "status3": [{
      "fieldprop": [{
          "formcontrolname": "status3name",
          "label": "Status3",
          "type": "text",
          "api": "",
          "required": null,
          "placeholder": "Enter Status3",
          "action": "",
          "pipe": ""
        },
        {
          "formcontrolname": "status3desc",
          "label": "Description",
          "type": "textarea",
          "api": "",
          "required": null,
          "placeholder": "Enter Description",
          "action": "",
          "pipe": ""
        },
        {
          "formcontrolname": "status3desclong",
          "label": "Description Long",
          "type": "textarea",
          "api": "",
          "required": null,
          "placeholder": "Enter Description Long",
          "action": "",
          "pipe": ""
        }, {
          "formcontrolname": "status2",
          "label": "Status2",
          "type": "select",
          "api": "assets/config/pool.json",
          "apidata": "",
          "required": "required",
          "placeholder": "Select Status2",
          "action": "",
          "pipe": "",
          "bindname": "name",
          "clearable": false,
          "virtualScroll": true,
          "multiple": false
        }
      ],
      "api": [{
        "api": "assets/config/grid-data.json",
        "apidata": "",
        "url": "",
        "param": [{}]
      }]
    }],
    "prodcat1": [{
      "fieldprop": [{
          "formcontrolname": "prodcat1name",
          "label": "Prodcat1",
          "type": "text",
          "api": "",
          "required": "required",
          "placeholder": "Enter Channel Type",
          "action": "",
          "pipe": ""
        },
        {
          "formcontrolname": "prodcat1desc",
          "label": "Description",
          "type": "textarea",
          "api": "",
          "required": null,
          "placeholder": "Enter Description",
          "action": "",
          "pipe": ""
        },
        {
          "formcontrolname": "prodcat1desclong",
          "label": "Description Long",
          "type": "textarea",
          "api": "",
          "required": null,
          "placeholder": "Enter Description Long",
          "action": "",
          "pipe": ""
        }, {
          "formcontrolname": "listsequencename",
          "label": "List Sequence",
          "type": "text",
          "api": "",
          "required": "required",
          "placeholder": "Enter List Sequence",
          "action": "",
          "pipe": ""
        }
      ],
      "api": [{
        "api": "assets/config/grid-data.json",
        "apidata": "",
        "url": "",
        "param": [{}]
      }]
    }],
    "prodcat2": [{
      "fieldprop": [{
          "formcontrolname": "prodcat2name",
          "label": "Prodcat2",
          "type": "text",
          "api": "",
          "required": null,
          "placeholder": "Enter Prodcat2",
          "action": "",
          "pipe": ""
        },
        {
          "formcontrolname": "prodcat2desc",
          "label": "Description",
          "type": "textarea",
          "api": "",
          "required": null,
          "placeholder": "Enter Description",
          "action": "",
          "pipe": ""
        },
        {
          "formcontrolname": "prodcat2desclong",
          "label": "Description Long",
          "type": "textarea",
          "api": "",
          "required": null,
          "placeholder": "Enter Description Long",
          "action": "",
          "pipe": ""
        }, {
          "formcontrolname": "prodcat1",
          "label": "Prodcat1",
          "type": "select",
          "api": "assets/config/pool.json",
          "apidata": "",
          "required": null,
          "placeholder": "Select Prodcat1",
          "action": "",
          "pipe": "",
          "bindname": "name",
          "clearable": false,
          "virtualScroll": true,
          "multiple": false
        }, {
          "formcontrolname": "listsequencename",
          "label": "List Sequence",
          "type": "text",
          "api": "",
          "required": "required",
          "placeholder": "Enter List Sequence",
          "action": "",
          "pipe": ""
        }
      ],
      "api": [{
        "api": "assets/config/grid-data.json",
        "apidata": "",
        "url": "",
        "param": [{}]
      }]
    }],
    "prodcat3": [{
      "fieldprop": [{
          "formcontrolname": "prodcat3name",
          "label": "Prodcat3",
          "type": "text",
          "api": "",
          "required": null,
          "placeholder": "Enter Prodcat3",
          "action": "",
          "pipe": ""
        },
        {
          "formcontrolname": "prodcat3desc",
          "label": "Description",
          "type": "textarea",
          "api": "",
          "required": null,
          "placeholder": "Enter Description",
          "action": "",
          "pipe": ""
        },
        {
          "formcontrolname": "prodcat3desclong",
          "label": "Description Long",
          "type": "textarea",
          "api": "",
          "required": null,
          "placeholder": "Enter Description Long",
          "action": "",
          "pipe": ""
        }, {
          "formcontrolname": "prodcat2",
          "label": "Prodcat2",
          "type": "select",
          "api": "assets/config/pool.json",
          "apidata": "",
          "required": null,
          "placeholder": "Select Prodcat2",
          "action": "",
          "pipe": "",
          "bindname": "name",
          "clearable": false,
          "virtualScroll": true,
          "multiple": false
        }, {
          "formcontrolname": "devefforttype",
          "label": "Dev Effort Type",
          "type": "select",
          "api": "assets/config/pool.json",
          "apidata": "",
          "required": null,
          "placeholder": "Select Dev Effort Type",
          "action": "",
          "pipe": "",
          "bindname": "name",
          "clearable": false,
          "virtualScroll": true,
          "multiple": false
        }, {
          "formcontrolname": "devcomplexity",
          "label": "Dev Complexity",
          "type": "select",
          "api": "assets/config/pool.json",
          "apidata": "",
          "required": null,
          "placeholder": "Select Dev Complexity",
          "action": "",
          "pipe": "",
          "bindname": "name",
          "clearable": false,
          "virtualScroll": true,
          "multiple": false
        }, {
          "formcontrolname": "listsequencename",
          "label": "List Sequence",
          "type": "text",
          "api": "",
          "required": "required",
          "placeholder": "Enter List Sequence",
          "action": "",
          "pipe": ""
        }
      ],
      "api": [{
        "api": "assets/config/grid-data.json",
        "apidata": "",
        "url": "",
        "param": [{}]
      }]
    }]
  }]
}]
