[{
    "pagename": "studio",
    "data": [{
      "studio": "OZG 1",
      "description": "OZ Games"
    },{
      "studio": "STU9 2",
      "description": "Studio 9 - IDC"
    },{
      "studio": "OZG 3",
      "description": "OZ Games"
    },{
      "studio": "STU9 4",
      "description": "Studio 9 - IDC"
    },{
      "studio": "OZG 5",
      "description": "OZ Games"
    },{
      "studio": "STU9 6",
      "description": "Studio 9 - IDC"
    },{
      "studio": "OZG 7",
      "description": "OZ Games"
    },{
      "studio": "STU9 8",
      "description": "Studio 9 - IDC"
    },{
      "studio": "OZG 9",
      "description": "OZ Games"
    },{
      "studio": "STU9 10",
      "description": "Studio 9 - IDC"
    },{
      "studio": "STU9 11",
      "description": "Studio 9 - IDC"
    },{
      "studio": "OZG 12",
      "description": "OZ Games"
    },{
      "studio": "STU9 13",
      "description": "Studio 9 - IDC"
    },{
      "studio": "OZG 14",
      "description": "OZ Games"
    },{
      "studio": "STU9 15",
      "description": "Studio 9 - IDC"
    }]
  }]